<?xml version="1.0" encoding="UTF-8"?>
<metadata xml:lang="en"><Esri><CreaDate>20141203</CreaDate><CreaTime>18160900</CreaTime><ArcGISFormat>1.0</ArcGISFormat><SyncOnce>TRUE</SyncOnce><DataProperties><itemProps><itemLocation><linkage Sync="TRUE">file://\\TEMP-JXO-D2\D$\Gis_Rs\Copy\roblandusenew</linkage><protocol Sync="TRUE">Local Area Network</protocol></itemLocation></itemProps><copyHistory><copy source="D:\Gis_Rs\Ethiopia\xoAPEX\Inputs\roblandusenew" dest="\\TEMP-JXO-D2\D$\Gis_Rs\Copy\roblandusenew" date="20141203" time="18160900"></copy></copyHistory></DataProperties></Esri></metadata>
