<?xml version="1.0" encoding="UTF-8"?>
<metadata xml:lang="en"><Esri><CreaDate>20141127</CreaDate><CreaTime>09543900</CreaTime><ArcGISFormat>1.0</ArcGISFormat><SyncOnce>FALSE</SyncOnce><DataProperties><itemProps><itemName Sync="TRUE">srtm_30m</itemName><itemLocation><linkage Sync="TRUE">file://C:\QSWAT_Projects\Example1\Inputs\DEM\srtm_30m</linkage><protocol Sync="TRUE">Local Area Network</protocol></itemLocation><imsContentType Sync="TRUE">002</imsContentType><nativeExtBox><westBL Sync="TRUE">326065.882647</westBL><eastBL Sync="TRUE">338065.882647</eastBL><southBL Sync="TRUE">1286069.260221</southBL><northBL Sync="TRUE">1293509.260221</northBL><exTypeCode Sync="TRUE">1</exTypeCode></nativeExtBox></itemProps><coordRef><type Sync="TRUE">Projected</type><geogcsn Sync="TRUE">GCS_WGS_1984</geogcsn><csUnits Sync="TRUE">Linear Unit: Meter (1.000000)</csUnits><peXml Sync="TRUE">&lt;ProjectedCoordinateSystem xsi:type='typens:ProjectedCoordinateSystem' xmlns:xsi='http://www.w3.org/2001/XMLSchema-instance' xmlns:xs='http://www.w3.org/2001/XMLSchema' xmlns:typens='http://www.esri.com/schemas/ArcGIS/10.0'&gt;&lt;WKT&gt;PROJCS[&amp;quot;WGS_1984_UTM_Zone_37N&amp;quot;,GEOGCS[&amp;quot;GCS_WGS_1984&amp;quot;,DATUM[&amp;quot;D_WGS_1984&amp;quot;,SPHEROID[&amp;quot;WGS_1984&amp;quot;,6378137.0,298.257223563]],PRIMEM[&amp;quot;Greenwich&amp;quot;,0.0],UNIT[&amp;quot;Degree&amp;quot;,0.0174532925199433]],PROJECTION[&amp;quot;Transverse_Mercator&amp;quot;],PARAMETER[&amp;quot;False_Easting&amp;quot;,500000.0],PARAMETER[&amp;quot;False_Northing&amp;quot;,0.0],PARAMETER[&amp;quot;Central_Meridian&amp;quot;,39.0],PARAMETER[&amp;quot;Scale_Factor&amp;quot;,0.9996],PARAMETER[&amp;quot;Latitude_Of_Origin&amp;quot;,0.0],UNIT[&amp;quot;Meter&amp;quot;,1.0],AUTHORITY[&amp;quot;EPSG&amp;quot;,32637]]&lt;/WKT&gt;&lt;XOrigin&gt;-5120900&lt;/XOrigin&gt;&lt;YOrigin&gt;-9998100&lt;/YOrigin&gt;&lt;XYScale&gt;450445547.3910538&lt;/XYScale&gt;&lt;ZOrigin&gt;-100000&lt;/ZOrigin&gt;&lt;ZScale&gt;10000&lt;/ZScale&gt;&lt;MOrigin&gt;-100000&lt;/MOrigin&gt;&lt;MScale&gt;10000&lt;/MScale&gt;&lt;XYTolerance&gt;0.001&lt;/XYTolerance&gt;&lt;ZTolerance&gt;0.001&lt;/ZTolerance&gt;&lt;MTolerance&gt;0.001&lt;/MTolerance&gt;&lt;HighPrecision&gt;true&lt;/HighPrecision&gt;&lt;WKID&gt;32637&lt;/WKID&gt;&lt;/ProjectedCoordinateSystem&gt;</peXml><projcsn Sync="TRUE">WGS_1984_UTM_Zone_37N</projcsn></coordRef><RasterProperties><General><PixelDepth Sync="TRUE">16</PixelDepth><HasColormap Sync="TRUE">FALSE</HasColormap><CompressionType Sync="TRUE">RLE</CompressionType><NumBands Sync="TRUE">1</NumBands><Format Sync="TRUE">GRID</Format><HasPyramids Sync="TRUE">TRUE</HasPyramids><SourceType Sync="TRUE">continuous</SourceType><PixelType Sync="TRUE">signed integer</PixelType><NoDataValue Sync="TRUE">32767</NoDataValue></General></RasterProperties><lineage><Process ToolSource="c:\program files (x86)\arcgis\desktop10.0\ArcToolbox\Toolboxes\Data Management Tools.tbx\MosaicToNewRaster" Date="20141127" Time="095439">MosaicToNewRaster n12_e038_1arc_v3.tif;n12_e037_1arc_v3.tif;n12_e036_1arc_v3.tif;n11_e038_1arc_v3.tif;n11_e037_1arc_v3.tif;n11_e036_1arc_v3.tif;n10_e038_1arc_v3.tif;n10_e037_1arc_v3.tif;n10_e036_1arc_v3.tif C:\Users\yihun.dile\Documents\ILSSI\STRM_30m_LTana_mosicNEW srtm_30m # 16_BIT_UNSIGNED # 1 LAST FIRST</Process><Process ToolSource="c:\program files (x86)\arcgis\desktop10.0\ArcToolbox\Toolboxes\Data Management Tools.tbx\ProjectRaster" Date="20141127" Time="100102">ProjectRaster srtm_30m C:\Users\yihun.dile\Documents\ILSSI\STRM_30m_LTana_mosicNEW_WGS1984_37N\srtm_30m_proj PROJCS['WGS_1984_UTM_Zone_37N',GEOGCS['GCS_WGS_1984',DATUM['D_WGS_1984',SPHEROID['WGS_1984',6378137.0,298.257223563]],PRIMEM['Greenwich',0.0],UNIT['Degree',0.0174532925199433]],PROJECTION['Transverse_Mercator'],PARAMETER['False_Easting',500000.0],PARAMETER['False_Northing',0.0],PARAMETER['Central_Meridian',39.0],PARAMETER['Scale_Factor',0.9996],PARAMETER['Latitude_Of_Origin',0.0],UNIT['Meter',1.0]] NEAREST 30 # # GEOGCS['GCS_WGS_1984',DATUM['D_WGS_1984',SPHEROID['WGS_1984',6378137.0,298.257223563]],PRIMEM['Greenwich',0.0],UNIT['Degree',0.0174532925199433]]</Process><Process ToolSource="c:\program files (x86)\arcgis\desktop10.0\ArcToolbox\Toolboxes\Data Management Tools.tbx\Clip" Date="20141208" Time="225016">Clip srtm_30m_proj "326080 1286094.433 338040 1293500" C:\QSWAT_Projects\Example1\Inputs\DEM\srtm_30m # # NONE</Process></lineage></DataProperties><SyncDate>20141208</SyncDate><SyncTime>22501600</SyncTime><ModDate>20141208</ModDate><ModTime>22501600</ModTime></Esri><dataIdInfo><envirDesc Sync="TRUE">Microsoft Windows 7 Version 6.1 (Build 7601) Service Pack 1; ESRI ArcGIS 10.0.5.4400</envirDesc><dataLang><languageCode value="eng" Sync="TRUE"></languageCode><countryCode value="USA" Sync="TRUE"></countryCode></dataLang><idCitation><resTitle Sync="TRUE">srtm_30m</resTitle><presForm><PresFormCd value="005" Sync="TRUE"></PresFormCd></presForm></idCitation><spatRpType><SpatRepTypCd value="002" Sync="TRUE"></SpatRepTypCd></spatRpType><dataExt><geoEle><GeoBndBox esriExtentType="search"><exTypeCode Sync="TRUE">1</exTypeCode><westBL Sync="TRUE">37.404161</westBL><eastBL Sync="TRUE">37.514592</eastBL><northBL Sync="TRUE">11.697314</northBL><southBL Sync="TRUE">11.629464</southBL></GeoBndBox></geoEle></dataExt></dataIdInfo><mdLang><languageCode value="eng" Sync="TRUE"></languageCode><countryCode value="USA" Sync="TRUE"></countryCode></mdLang><mdChar><CharSetCd value="004" Sync="TRUE"></CharSetCd></mdChar><distInfo><distFormat><formatName Sync="TRUE">Raster Dataset</formatName></distFormat></distInfo><mdHrLv><ScopeCd value="005" Sync="TRUE"></ScopeCd></mdHrLv><mdHrLvName Sync="TRUE">dataset</mdHrLvName><refSysInfo><RefSystem><refSysID><identCode code="0" Sync="TRUE" value="32637"></identCode><idCodeSpace Sync="TRUE">EPSG</idCodeSpace><idVersion Sync="TRUE">7.4.1</idVersion></refSysID></RefSystem></refSysInfo><spatRepInfo><Georect><cellGeo><CellGeoCd Sync="TRUE" value="002"></CellGeoCd></cellGeo><numDims Sync="TRUE">2</numDims><tranParaAv Sync="TRUE">1</tranParaAv><chkPtAv Sync="TRUE">0</chkPtAv><cornerPts><pos Sync="TRUE">326065.882647 1286069.260221</pos></cornerPts><cornerPts><pos Sync="TRUE">326065.882647 1293509.260221</pos></cornerPts><cornerPts><pos Sync="TRUE">338065.882647 1293509.260221</pos></cornerPts><cornerPts><pos Sync="TRUE">338065.882647 1286069.260221</pos></cornerPts><centerPt><pos Sync="TRUE">332065.882647 1289789.260221</pos></centerPt><axisDimension type="002"><dimSize Sync="TRUE">400</dimSize><dimResol><value Sync="TRUE" uom="Meter">30.000000</value></dimResol></axisDimension><axisDimension type="001"><dimSize Sync="TRUE">248</dimSize><dimResol><value Sync="TRUE" uom="Meter">30.000000</value></dimResol></axisDimension><ptInPixel><PixOrientCd Sync="TRUE" value="001"></PixOrientCd></ptInPixel></Georect></spatRepInfo><eainfo><detailed Name="srtm_30m.vat"><enttyp><enttypl Sync="TRUE">srtm_30m.vat</enttypl><enttypt Sync="TRUE">Table</enttypt><enttypc Sync="TRUE">398</enttypc></enttyp><attr><attrlabl Sync="TRUE">Rowid</attrlabl><attalias Sync="TRUE">Rowid</attalias><attrtype Sync="TRUE">OID</attrtype><attwidth Sync="TRUE">4</attwidth><atprecis Sync="TRUE">0</atprecis><attscale Sync="TRUE">0</attscale><attrdef Sync="TRUE">Internal feature number.</attrdef><attrdefs Sync="TRUE">ESRI</attrdefs><attrdomv><udom Sync="TRUE">Sequential unique whole numbers that are automatically generated.</udom></attrdomv></attr><attr><attrlabl Sync="TRUE">VALUE</attrlabl><attalias Sync="TRUE">VALUE</attalias><attrtype Sync="TRUE">Integer</attrtype><attwidth Sync="TRUE">4</attwidth><atprecis Sync="TRUE">0</atprecis><attscale Sync="TRUE">0</attscale></attr><attr><attrlabl Sync="TRUE">COUNT</attrlabl><attalias Sync="TRUE">COUNT</attalias><attrtype Sync="TRUE">Integer</attrtype><attwidth Sync="TRUE">4</attwidth><atprecis Sync="TRUE">0</atprecis><attscale Sync="TRUE">0</attscale></attr></detailed></eainfo><contInfo><ImgDesc><contentTyp><ContentTypCd Sync="TRUE" value="003"></ContentTypCd></contentTyp><covDim><Band><dimDescrp Sync="TRUE">Band_1</dimDescrp><maxVal Sync="TRUE">2182.000000</maxVal><minVal Sync="TRUE">1785.000000</minVal><bitsPerVal Sync="TRUE">16</bitsPerVal><valUnit><UOM type="length"><unitSymbol Sync="TRUE">Meter</unitSymbol></UOM></valUnit></Band></covDim></ImgDesc></contInfo><mdDateSt Sync="TRUE">20141208</mdDateSt></metadata>
